role_id,position,base_salary
JR01,Data Entry Operator,15000
JR02,Customer Support Executive,18000
JR03,Office Administrator,20500
JR04,IT Support Specialist,28000
JR05,HR Generalist,35000
JR06,Sales Executive,32000
JR07,Marketing Specialist,40000
JR08,Data Analyst,55000
JR09,Software Engineer,70000
JR10,Senior Software Engineer,110000
JR11,Financial Analyst,65000
JR12,Operations Manager,85000
JR13,Product Manager,120000
JR14,Finance Manager,100000
JR15,Sales Manager,90000
JR16,HR Manager,85000
